Site_Name,Domain,Category,Sub_Category,Batch_Source  
Six Flags,sixflags.com,Entertainment,Theme Park,New_Batch_5PDFs  
Cedar Point,cedarpoint.com,Entertainment,Theme Park,New_Batch_5PDFs  
Knott's Berry Farm,knotts.com,Entertainment,Theme Park,New_Batch_5PDFs  
Kings Island,visitkingsisland.com,Entertainment,Theme Park,New_Batch_5PDFs  
Hersheypark,hersheypark.com,Entertainment,Theme Park,New_Batch_5PDFs  
Dollywood,dollywood.com,Entertainment,Theme Park,New_Batch_5PDFs  
Silver Dollar City,silverdollarcity.com,Entertainment,Theme Park,New_Batch_5PDFs  
Holiday World & Splashin' Safari,holidayworld.com,Entertainment,Theme Park,New_Batch_5PDFs  
Kennywood,kennywood.com,Entertainment,Theme Park,New_Batch_5PDFs  
SeaWorld,seaworld.com,Entertainment,Theme Park,New_Batch_5PDFs  
Busch Gardens,buschgardens.com,Entertainment,Theme Park,New_Batch_5PDFs  
Legoland,legoland.com,Entertainment,Theme Park,New_Batch_5PDFs  
Knoebels Amusement Resort,knoebels.com,Entertainment,Theme Park,New_Batch_5PDFs  
Santa Cruz Beach Boardwalk,beachboardwalk.com,Entertainment,Amusement Park,New_Batch_5PDFs  
Urban Air Adventure Park,urbanair.com,Entertainment,Active Entertainment,New_Batch_5PDFs  
Sky Zone Trampoline Park,skyzone.com,Entertainment,Active Entertainment,New_Batch_5PDFs  
Altitude Trampoline Park,altitudetrampolinepark.com,Entertainment,Active Entertainment,New_Batch_5PDFs  
Defy Extreme Air Sports,defy.com,Entertainment,Active Entertainment,New_Batch_5PDFs  
Rockin' Jump,rockinjump.com,Entertainment,Active Entertainment,New_Batch_5PDFs  
Flight Adventure Park,flightadventurepark.com,Entertainment,Active Entertainment,New_Batch_5PDFs  
iFLY Indoor Skydiving,iflyworld.com,Entertainment,Active Entertainment,New_Batch_5PDFs  
Ninja Nation,ninjanation.com,Entertainment,Active Entertainment,New_Batch_5PDFs  
Bouldering Project,boulderingproject.com,Entertainment,Active Entertainment,New_Batch_5PDFs  
Brooklyn Boulders,brooklynboulders.com,Entertainment,Active Entertainment,New_Batch_5PDFs  
Planet Obstacle,planetobstacle.com,Entertainment,Active Entertainment,New_Batch_5PDFs  
Pinstack,pinstackbowl.com,Entertainment,FEC,New_Batch_5PDFs  
Main Event Entertainment,mainevent.com,Entertainment,FEC,New_Batch_5PDFs  
Bowlero,bowlero.com,Entertainment,FEC,New_Batch_5PDFs  
Round1 Bowling & Amusement,round1usa.com,Entertainment,FEC,New_Batch_5PDFs  
Andretti Indoor Karting,andrettikarting.com,Entertainment,FEC,New_Batch_5PDFs  
K1 Speed,k1speed.com,Entertainment,FEC,New_Batch_5PDFs  
Autobahn Indoor Speedway,autobahnspeed.com,Entertainment,FEC,New_Batch_5PDFs  
Stars and Strikes,starsandstrikes.com,Entertainment,FEC,New_Batch_5PDFs  
Apex Entertainment,apexentertainment.com,Entertainment,FEC,New_Batch_5PDFs  
Scene75 Entertainment Center,scene75.com,Entertainment,FEC,New_Batch_5PDFs  
John's Incredible Pizza Co.,johnspizza.com,Entertainment,FEC,New_Batch_5PDFs  
Pin-Up Bowl,pinupbowl.com,Entertainment,FEC,New_Batch_5PDFs  
Kings Dining & Entertainment,kings-de.com,Entertainment,FEC,New_Batch_5PDFs  
Splitsville Luxury Lanes,splitsvillelanes.com,Entertainment,FEC,New_Batch_5PDFs  
Xtreme Action Park,xtremeactionpark.com,Entertainment,FEC,New_Batch_5PDFs  
Topgolf,topgolf.com,Entertainment,Eatertainment,New_Batch_5PDFs  
Drive Shack,driveshack.com,Entertainment,Eatertainment,New_Batch_5PDFs  
Puttshack,puttshack.com,Entertainment,Eatertainment,New_Batch_5PDFs  
PopStroke,popstroke.com,Entertainment,Eatertainment,New_Batch_5PDFs  
Chicken N Pickle,chickennpickle.com,Entertainment,Eatertainment,New_Batch_5PDFs  
Smash Park,smashpark.com,Entertainment,Eatertainment,New_Batch_5PDFs  
Flight Club Darts,flightclubdartsusa.com,Entertainment,Eatertainment,New_Batch_5PDFs  
Five Iron Golf,fiveirongolf.com,Entertainment,Eatertainment,New_Batch_5PDFs  
The Painted Pin,thepaintedpin.com,Entertainment,Eatertainment,New_Batch_5PDFs  
The Escape Game,theescapegame.com,Entertainment,Escape Room,New_Batch_5PDFs  
Escape the Room,escapetheroom.com,Entertainment,Escape Room,New_Batch_5PDFs  
Breakout Games,breakoutgames.com,Entertainment,Escape Room,New_Batch_5PDFs  
PanIQ Escape Room,paniqescaperoom.com,Entertainment,Escape Room,New_Batch_5PDFs  
Escapology,escapology.com,Entertainment,Escape Room,New_Batch_5PDFs  
Meow Wolf,meowwolf.com,Entertainment,Experiential,New_Batch_5PDFs  
Color Factory,colorfactory.co,Entertainment,Experiential,New_Batch_5PDFs  
Museum of Ice Cream,museumoficecream.com,Entertainment,Experiential,New_Batch_5PDFs  
Illuminarium,illuminarium.com,Entertainment,Experiential,New_Batch_5PDFs  
Area15,area15.com,Entertainment,Experiential,New_Batch_5PDFs  
Great Wolf Lodge,greatwolf.com,Entertainment,Indoor Water Park,New_Batch_5PDFs  
Kalahari Resorts,kalahariresorts.com,Entertainment,Indoor Water Park,New_Batch_5PDFs  
Schlitterbahn Waterparks,schlitterbahn.com,Entertainment,Indoor Water Park,New_Batch_5PDFs  
Hawaiian Falls Waterparks,hfalls.com,Entertainment,Indoor Water Park,New_Batch_5PDFs  
Camelback Resort,camelbackresort.com,Entertainment,Indoor Water Park,New_Batch_5PDFs  
SoundWaves at Gaylord Opryland,soundwavesgo.com,Entertainment,Indoor Water Park,New_Batch_5PDFs  
Kikoff,kikoff.com,Fintech,Credit Builder,New_Batch_5PDFs  
Extra,extra.app,Fintech,Credit Builder,New_Batch_5PDFs  
StellarFi,stellarfi.com,Fintech,Credit Builder,New_Batch_5PDFs  
Cushion,cushion.ai,Fintech,Credit Builder,New_Batch_5PDFs  
Cleo,meetcleo.com,Fintech,Fintech App,New_Batch_5PDFs  
Brigit,hellobrigit.com,Fintech,Fintech App,New_Batch_5PDFs  
Dave,dave.com,Fintech,Fintech App,New_Batch_5PDFs  
FloatMe,floatme.com,Fintech,Fintech App,New_Batch_5PDFs  
Empower,empower.me,Fintech,Fintech App,New_Batch_5PDFs  
Klover,joinklover.com,Fintech,Fintech App,New_Batch_5PDFs  
Albert,albert.com,Fintech,Fintech App,New_Batch_5PDFs  
Varo Bank,varomoney.com,Fintech,Neobank,New_Batch_5PDFs  
Current,current.com,Fintech,Neobank,New_Batch_5PDFs  
Aspiration,aspiration.com,Fintech,Neobank,New_Batch_5PDFs  
MoneyLion,moneylion.com,Fintech,Neobank,New_Batch_5PDFs  
Zolve,zolve.com,Fintech,Neobank,New_Batch_5PDFs  
CreditGenie,creditgenie.com,Fintech,Credit Builder,New_Batch_5PDFs  
Altro,altro.app,Fintech,Credit Builder,New_Batch_5PDFs  
Atlas,atlasfin.com,Fintech,Credit Builder,New_Batch_5PDFs  
Possible Finance,possiblefinance.com,Fintech,Fintech App,New_Batch_5PDFs  
Solo Funds,solofunds.com,Fintech,Fintech App,New_Batch_5PDFs  
Chime,chime.com,Fintech,Neobank,New_Batch_5PDFs  
Step,step.com,Fintech,Neobank,New_Batch_5PDFs  
L.L. Bean,llbean.com,Retail,Catalog,New_Batch_5PDFs  
Lands' End,landsend.com,Retail,Catalog,New_Batch_5PDFs  
Oriental Trading,orientaltrading.com,Retail,Catalog,New_Batch_5PDFs  
Uline,uline.com,Retail,Catalog,New_Batch_5PDFs  
Grainger,grainger.com,Retail,Catalog,New_Batch_5PDFs  
McMaster-Carr,mcmaster.com,Retail,Catalog,New_Batch_5PDFs  
IKEA Family,ikea.com,Retail,Loyalty Program,New_Batch_5PDFs  
PINCHme,pinchme.com,Retail,Free Samples,New_Batch_5PDFs  
BzzAgent,bzzagent.com,Retail,Product Testing,New_Batch_5PDFs  
Influenster,influenster.com,Retail,Product Testing,New_Batch_5PDFs  
Smiley360,smiley360.com,Retail,Product Testing,New_Batch_5PDFs  
Brooks Brothers,brooksbrothers.com,Retail,Catalog,New_Batch_5PDFs  
Orvis,orvis.com,Retail,Catalog,New_Batch_5PDFs  
Duluth Trading,duluthtrading.com,Retail,Catalog,New_Batch_5PDFs  
Hammacher Schlemmer,hammacher.com,Retail,Catalog,New_Batch_5PDFs  
Sharper Image,sharperimage.com,Retail,Catalog,New_Batch_5PDFs  
Crate & Barrel,crateandbarrel.com,Retail,Home Goods,New_Batch_5PDFs  
Williams Sonoma,williams-sonoma.com,Retail,Home Goods,New_Batch_5PDFs  
Pottery Barn,potterybarn.com,Retail,Home Goods,New_Batch_5PDFs  
Home Tester Club,hometesterclub.com,Retail,Product Testing,New_Batch_5PDFs  
Upwork,upwork.com,Employment,Freelance Network,New_Batch_5PDFs  
Fiverr,fiverr.com,Employment,Freelance Network,New_Batch_5PDFs  
Toptal,toptal.com,Employment,Freelance Network,New_Batch_5PDFs  
Freelancer,freelancer.com,Employment,Freelance Network,New_Batch_5PDFs  
Guru,guru.com,Employment,Freelance Network,New_Batch_5PDFs  
PeoplePerHour,peopleperhour.com,Employment,Freelance Network,New_Batch_5PDFs  
FlexJobs,flexjobs.com,Employment,Job Board,New_Batch_5PDFs  
Remote.co,remote.co,Employment,Job Board,New_Batch_5PDFs  
Wellfound,wellfound.com,Employment,Job Board,New_Batch_5PDFs  
Dribbble,dribbble.com,Employment,Creative Network,New_Batch_5PDFs  
Snagajob,snagajob.com,Employment,Job Board,New_Batch_5PDFs  
Resume-Library,resume-library.com,Employment,Job Board,New_Batch_5PDFs  
Jobillico,jobillico.com,Employment,Job Board,New_Batch_5PDFs  
Jooble,jooble.org,Employment,Job Board,New_Batch_5PDFs  
Adzuna,adzuna.com,Employment,Job Board,New_Batch_5PDFs  
JobRapido,us.jobrapido.com,Employment,Job Board,New_Batch_5PDFs  
CV-Library,cv-library.co.uk,Employment,Job Board,New_Batch_5PDFs  
Totaljobs,totaljobs.com,Employment,Job Board,New_Batch_5PDFs  
Reed,reed.co.uk,Employment,Job Board,New_Batch_5PDFs  
Cineplex,cineplex.com,Entertainment,Movie Theater,New_Batch_5PDFs  
Vue,myvue.com,Entertainment,Movie Theater,New_Batch_5PDFs  
Odeon,odeon.co.uk,Entertainment,Movie Theater,New_Batch_5PDFs  
Cineworld,cineworld.co.uk,Entertainment,Movie Theater,New_Batch_5PDFs  
Hoyts,hoyts.com.au,Entertainment,Movie Theater,New_Batch_5PDFs  
Event Cinemas,eventcinemas.com.au,Entertainment,Movie Theater,New_Batch_5PDFs  
Village Cinemas,villagecinemas.com.au,Entertainment,Movie Theater,New_Batch_5PDFs  
PVR Cinemas,pvrcinemas.com,Entertainment,Movie Theater,New_Batch_5PDFs  
INOX,inoxmovies.com,Entertainment,Movie Theater,New_Batch_5PDFs  
Cinepolis,cinepolis.com,Entertainment,Movie Theater,New_Batch_5PDFs  
Cinemex,cinemex.com,Entertainment,Movie Theater,New_Batch_5PDFs  
Pathe,pathe.fr,Entertainment,Movie Theater,New_Batch_5PDFs  
UGC,ugc.fr,Entertainment,Movie Theater,New_Batch_5PDFs  
Kinepolis,kinepolis.com,Entertainment,Movie Theater,New_Batch_5PDFs  
Ster-Kinekor,sterkinekor.com,Entertainment,Movie Theater,New_Batch_5PDFs  
Stena Line,stenaline.com,Travel,Ferry,New_Batch_5PDFs  
P\&O Ferries,poferries.com,Travel,Ferry,New_Batch_5PDFs  
DFDS Seaways,dfds.com,Travel,Ferry,New_Batch_5PDFs  
Brittany Ferries,brittany-ferries.co.uk,Travel,Ferry,New_Batch_5PDFs  
Irish Ferries,irishferries.com,Travel,Ferry,New_Batch_5PDFs  
Color Line,colorline.com,Travel,Ferry,New_Batch_5PDFs  
Tallink Silja,tallinksilja.com,Travel,Ferry,New_Batch_5PDFs  
Viking Line,vikingline.com,Travel,Ferry,New_Batch_5PDFs  
Corsica Ferries,corsica-ferries.co.uk,Travel,Ferry,New_Batch_5PDFs  
Fred. Olsen Cruise Lines,fredolsencruises.com,Travel,Cruise,New_Batch_5PDFs  
Saga Cruises,travel.saga.co.uk,Travel,Cruise,New_Batch_5PDFs  
P\&O Cruises,pocruises.com,Travel,Cruise,New_Batch_5PDFs  
Marella Cruises,tui.co.uk/cruise,Travel,Cruise,New_Batch_5PDFs  
AIDA Cruises,aida.de,Travel,Cruise,New_Batch_5PDFs  
TUI Cruises,meinschiff.com,Travel,Cruise,New_Batch_5PDFs  
SJ Sweden,sj.se,Travel,Rail,New_Batch_5PDFs  
Vy Norway,vy.no,Travel,Rail,New_Batch_5PDFs  
VR Finland,vr.fi,Travel,Rail,New_Batch_5PDFs  
DSB Denmark,dsb.dk,Travel,Rail,New_Batch_5PDFs  
PKP Intercity Poland,intercity.pl,Travel,Rail,New_Batch_5PDFs  
CD Czech Railways,cd.cz,Travel,Rail,New_Batch_5PDFs  
MAV Hungary,mavcsoport.hu,Travel,Rail,New_Batch_5PDFs  
CFR Calatori Romania,cfrcalatori.ro,Travel,Rail,New_Batch_5PDFs  
CP Portugal,cp.pt,Travel,Rail,New_Batch_5PDFs  
Iarnrod Eireann Ireland,irishrail.ie,Travel,Rail,New_Batch_5PDFs  
Translink Northern Ireland,translink.co.uk,Travel,Transit,New_Batch_5PDFs  
Transport for London TfL,tfl.gov.uk,Travel,Transit,New_Batch_5PDFs  
PTV Melbourne,ptv.vic.gov.au,Travel,Transit,New_Batch_5PDFs  
Transport for NSW,transportnsw.info,Travel,Transit,New_Batch_5PDFs  
TransLink Vancouver,translink.ca,Travel,Transit,New_Batch_5PDFs  
Uniqlo,uniqlo.com,Retail,Apparel,New_Batch_5PDFs  
Muji,muji.com,Retail,Apparel,New_Batch_5PDFs  
Cotton On,cottonon.com,Retail,Apparel,New_Batch_5PDFs  
Superdry,superdry.com,Retail,Apparel,New_Batch_5PDFs  
Primark,primark.com,Retail,Apparel,New_Batch_5PDFs  
Mango,shop.mango.com,Retail,Apparel,New_Batch_5PDFs  
Massimo Dutti,massimodutti.com,Retail,Apparel,New_Batch_5PDFs  
Pull\&Bear,pullandbear.com,Retail,Apparel,New_Batch_5PDFs  
Bershka,bershka.com,Retail,Apparel,New_Batch_5PDFs  
Oysho,oysho.com,Retail,Apparel,New_Batch_5PDFs  
COS,cos.com,Retail,Apparel,New_Batch_5PDFs  
& Other Stories,stories.com,Retail,Apparel,New_Batch_5PDFs  
Arket,arket.com,Retail,Apparel,New_Batch_5PDFs  
Monki,monki.com,Retail,Apparel,New_Batch_5PDFs  
Weekday,weekday.com,Retail,Apparel,New_Batch_5PDFs  
River Island,riverisland.com,Retail,Apparel,New_Batch_5PDFs  
ASOS,asos.com,Retail,Apparel,New_Batch_5PDFs  
Boohoo,boohoo.com,Retail,Apparel,New_Batch_5PDFs  
Missguided,missguided.co.uk,Retail,Apparel,New_Batch_5PDFs  
PrettyLittleThing,prettylittlething.com,Retail,Apparel,New_Batch_5PDFs  
Nasty Gal,nastygal.com,Retail,Apparel,New_Batch_5PDFs  
Fashion Nova,fashionnova.com,Retail,Apparel,New_Batch_5PDFs  
Romwe,romwe.com,Retail,Apparel,New_Batch_5PDFs  
YesStyle,yesstyle.com,Retail,Apparel,New_Batch_5PDFs  
RSPCA Australia,rspca.org.au,Nonprofit,Animal Welfare,New_Batch_5PDFs  
SPCA New Zealand,spca.nz,Nonprofit,Animal Welfare,New_Batch_5PDFs  
BC SPCA Canada,spca.bc.ca,Nonprofit,Animal Welfare,New_Batch_5PDFs  
Toronto Humane Society,torontohumanesociety.com,Nonprofit,Animal Welfare,New_Batch_5PDFs  
Calgary Humane Society,calgaryhumane.ca,Nonprofit,Animal Welfare,New_Batch_5PDFs  
Lort Smith Australia,lortsmith.com,Nonprofit,Animal Welfare,New_Batch_5PDFs  
Dogs Trust Ireland,dogstrust.ie,Nonprofit,Animal Welfare,New_Batch_5PDFs  
ISPCA Ireland,ispca.ie,Nonprofit,Animal Welfare,New_Batch_5PDFs  
Scottish SPCA,scottishspca.org,Nonprofit,Animal Welfare,New_Batch_5PDFs  
USPCA Northern Ireland,uspca.co.uk,Nonprofit,Animal Welfare,New_Batch_5PDFs  
DSPCA Ireland,dspca.ie,Nonprofit,Animal Welfare,New_Batch_5PDFs  
Woodgreen Pets Charity UK,woodgreen.org.uk,Nonprofit,Animal Welfare,New_Batch_5PDFs  
PDSA UK,pdsa.org.uk,Nonprofit,Animal Welfare,New_Batch_5PDFs  
Mayhew UK,themayhew.org,Nonprofit,Animal Welfare,New_Batch_5PDFs  
Celia Hammond Animal Trust,celiahammond.org,Nonprofit,Animal Welfare,New_Batch_5PDFs  
Feline Rescue US,felinerescue.org,Nonprofit,Animal Welfare,New_Batch_5PDFs  
Alley Cat Allies,alleycat.org,Nonprofit,Animal Welfare,New_Batch_5PDFs  
Blind Cat Rescue,blindcatrescue.com,Nonprofit,Animal Welfare,New_Batch_5PDFs  
Muttville Senior Dog Rescue,muttville.org,Nonprofit,Animal Welfare,New_Batch_5PDFs  
Sweetgreen,sweetgreen.com,Restaurant,Fast Casual,New_Batch_5PDFs  
Cava,cava.com,Restaurant,Fast Casual,New_Batch_5PDFs  
Mendocino Farms,mendocinofarms.com,Restaurant,Fast Casual,New_Batch_5PDFs  
Tender Greens,tendergreens.com,Restaurant,Fast Casual,New_Batch_5PDFs  
Lemonade,lemonadela.com,Restaurant,Fast Casual,New_Batch_5PDFs  
Veggie Grill,veggiegrill.com,Restaurant,Fast Casual,New_Batch_5PDFs  
Chopt,choptsalad.com,Restaurant,Fast Casual,New_Batch_5PDFs  
Just Salad,justsalad.com,Restaurant,Fast Casual,New_Batch_5PDFs  
Dig Inn,diginn.com,Restaurant,Fast Casual,New_Batch_5PDFs  
Roti,roti.com,Restaurant,Fast Casual,New_Batch_5PDFs  
Naf Naf Grill,nafnafgrill.com,Restaurant,Fast Casual,New_Batch_5PDFs  
Garbanzo Mediterranean Fresh,eatgarbanzo.com,Restaurant,Fast Casual,New_Batch_5PDFs  
Pita Pit,pitapitusa.com,Restaurant,Fast Casual,New_Batch_5PDFs  
Qdoba,qdoba.com,Restaurant,Fast Casual,New_Batch_5PDFs  
Moe's Southwest Grill,moes.com,Restaurant,Fast Casual,New_Batch_5PDFs  
Baja Fresh,bajafresh.com,Restaurant,Fast Casual,New_Batch_5PDFs  
Rubio's,rubios.com,Restaurant,Fast Casual,New_Batch_5PDFs  
El Pollo Loco,elpolloloco.com,Restaurant,Fast Casual,New_Batch_5PDFs  
Del Taco,deltaco.com,Restaurant,Fast Casual,New_Batch_5PDFs  
Taco John's,tacojohns.com,Restaurant,Fast Casual,New_Batch_5PDFs  
Torchy's Tacos,torchystacos.com,Restaurant,Fast Casual,New_Batch_5PDFs  
Fuzzy's Taco Shop,fuzzystacoshop.com,Restaurant,Fast Casual,New_Batch_5PDFs  
Velvet Taco,velvettaco.com,Restaurant,Fast Casual,New_Batch_5PDFs  
Condado Tacos,condadotacos.com,Restaurant,Fast Casual,New_Batch_5PDFs  
Chronic Tacos,chronictacos.com,Restaurant,Fast Casual,New_Batch_5PDFs  
H Mart,hmart.com,Grocery,Niche Grocer,New_Batch_5PDFs  
99 Ranch Market,99ranch.com,Grocery,Niche Grocer,New_Batch_5PDFs  
Super King Markets,superkingmarkets.com,Grocery,Niche Grocer,New_Batch_5PDFs  
El Super,elsupermarkets.com,Grocery,Niche Grocer,New_Batch_5PDFs  
Fiesta Mart,fiestamart.com,Grocery,Niche Grocer,New_Batch_5PDFs  
Cardenas Markets,cardenasmarkets.com,Grocery,Niche Grocer,New_Batch_5PDFs  
Tony's Fresh Market,tonysfreshmarket.com,Grocery,Niche Grocer,New_Batch_5PDFs  
Pete's Fresh Market,petesfresh.com,Grocery,Niche Grocer,New_Batch_5PDFs  
Wegmans,wegmans.com,Grocery,Regional Grocer,New_Batch_5PDFs  
Harris Teeter,harristeeter.com,Grocery,Regional Grocer,New_Batch_5PDFs  
Food Lion,foodlion.com,Grocery,Regional Grocer,New_Batch_5PDFs  
Hannaford,hannaford.com,Grocery,Regional Grocer,New_Batch_5PDFs  
Giant Food,giantfood.com,Grocery,Regional Grocer,New_Batch_5PDFs  
Stop & Shop,stopandshop.com,Grocery,Regional Grocer,New_Batch_5PDFs  
Shaw's,shaws.com,Grocery,Regional Grocer,New_Batch_5PDFs  
Star Market,starmarket.com,Grocery,Regional Grocer,New_Batch_5PDFs  
Acme Markets,acmemarkets.com,Grocery,Regional Grocer,New_Batch_5PDFs  
Vons,vons.com,Grocery,Regional Grocer,New_Batch_5PDFs  
Pavilions,pavilions.com,Grocery,Regional Grocer,New_Batch_5PDFs  
Bristol Farms,bristolfarms.com,Grocery,Niche Grocer,New_Batch_5PDFs  
Gelson's,gelsons.com,Grocery,Niche Grocer,New_Batch_5PDFs  
Erewhon,erewhonmarket.com,Grocery,Niche Grocer,New_Batch_5PDFs  
Sprouts Farmers Market,sprouts.com,Grocery,Natural Grocer,New_Batch_5PDFs  
Bumble,bumble.com,Social,Dating,New_Batch_5PDFs  
Hinge,hinge.co,Social,Dating,New_Batch_5PDFs  
OkCupid,okcupid.com,Social,Dating,New_Batch_5PDFs  
Match,match.com,Social,Dating,New_Batch_5PDFs  
eHarmony,eharmony.com,Social,Dating,New_Batch_5PDFs  
Plenty of Fish,pof.com,Social,Dating,New_Batch_5PDFs  
Badoo,badoo.com,Social,Dating,New_Batch_5PDFs  
Tinder,tinder.com,Social,Dating,New_Batch_5PDFs  
Grindr,grindr.com,Social,Dating,New_Batch_5PDFs  
HER,weareher.com,Social,Dating,New_Batch_5PDFs  
Coffee Meets Bagel,coffeemeetsbagel.com,Social,Dating,New_Batch_5PDFs  
Raya,rayatheapp.com,Social,Dating,New_Batch_5PDFs  
Christian Mingle,christianmingle.com,Social,Dating,New_Batch_5PDFs  
JSwipe,jswipeapp.com,Social,Dating,New_Batch_5PDFs  
Muzz,muzz.com,Social,Dating,New_Batch_5PDFs  
Salams,salams.app,Social,Dating,New_Batch_5PDFs  
Feeld,feeld.co,Social,Dating,New_Batch_5PDFs  
Lex,thisislex.app,Social,Dating,New_Batch_5PDFs  
Meetup,meetup.com,Social,Community,New_Batch_5PDFs  
Advance Auto Parts,advanceautoparts.com,Automotive,Auto Parts,New_Batch_5PDFs  
O'Reilly Auto Parts,oreillyauto.com,Automotive,Auto Parts,New_Batch_5PDFs  
NAPA Auto Parts,napaonline.com,Automotive,Auto Parts,New_Batch_5PDFs  
Pep Boys,pepboys.com,Automotive,Auto Parts,New_Batch_5PDFs  
Midas,midas.com,Automotive,Auto Service,New_Batch_5PDFs  
Jiffy Lube,jiffylube.com,Automotive,Auto Service,New_Batch_5PDFs  
Valvoline,vioc.com,Automotive,Auto Service,New_Batch_5PDFs  
Firestone Complete Auto Care,firestonecompleteautocare.com,Automotive,Auto Service,New_Batch_5PDFs  
Discount Tire,discounttire.com,Automotive,Tire,New_Batch_5PDFs  
Les Schwab,lesschwab.com,Automotive,Tire,New_Batch_5PDFs  
Ace Hardware,acehardware.com,Retail,Hardware,New_Batch_5PDFs  
True Value,truevalue.com,Retail,Hardware,New_Batch_5PDFs  
Do it Best,doitbest.com,Retail,Hardware,New_Batch_5PDFs  
Tractor Supply Co.,tractorsupply.com,Retail,Farm & Ranch,New_Batch_5PDFs  
Rural King,ruralking.com,Retail,Farm & Ranch,New_Batch_5PDFs  
Harbor Freight Tools,harborfreight.com,Retail,Tools,New_Batch_5PDFs  
Northern Tool,northerntool.com,Retail,Tools,New_Batch_5PDFs  
Menards,menards.com,Retail,Home Improvement,New_Batch_5PDFs  
Fleet Farm,fleetfarm.com,Retail,Farm & Ranch,New_Batch_5PDFs  
Blain's Farm & Fleet,farmandfleet.com,Retail,Farm & Ranch,New_Batch_5PDFs  
Michaels,michaels.com,Retail,Craft,New_Batch_5PDFs  
Joann,joann.com,Retail,Craft,New_Batch_5PDFs  
Hobby Lobby,hobbylobby.com,Retail,Craft,New_Batch_5PDFs  
Blick Art Materials,dickblick.com,Retail,Art Supply,New_Batch_5PDFs  
Jerry's Artarama,jerrysartarama.com,Retail,Art Supply,New_Batch_5PDFs  
Guitar Center,guitarcenter.com,Retail,Music,New_Batch_5PDFs  
Sweetwater,sweetwater.com,Retail,Music,New_Batch_5PDFs  
Sam Ash,samash.com,Retail,Music,New_Batch_5PDFs  
B\&H Photo Video,bhphotovideo.com,Retail,Electronics,New_Batch_5PDFs  
Adorama,adorama.com,Retail,Electronics,New_Batch_5PDFs  
Boots UK,boots.com,Health,Pharmacy,New_Batch_5PDFs  
Superdrug UK,superdrug.com,Health,Pharmacy,New_Batch_5PDFs  
Shoppers Drug Mart,shoppersdrugmart.ca,Health,Pharmacy,New_Batch_5PDFs  
Rexall Canada,rexall.ca,Health,Pharmacy,New_Batch_5PDFs  
Chemist Warehouse,chemistwarehouse.com.au,Health,Pharmacy,New_Batch_5PDFs  
Priceline Pharmacy,priceline.com.au,Health,Pharmacy,New_Batch_5PDFs  
Watsons,watsons.com,Health,Pharmacy,New_Batch_5PDFs  
Guardian Singapore,guardian.com.sg,Health,Pharmacy,New_Batch_5PDFs  
TerryWhite Chemmart,terrywhitechemmart.com.au,Health,Pharmacy,New_Batch_5PDFs  
Pharmasave,pharmasave.com,Health,Pharmacy,New_Batch_5PDFs  
Jean Coutu,jeancoutu.com,Health,Pharmacy,New_Batch_5PDFs  
London Drugs,londondrugs.com,Health,Pharmacy,New_Batch_5PDFs  
Brunet,brunet.ca,Health,Pharmacy,New_Batch_5PDFs  
Kinney Drugs,kinneydrugs.com,Health,Pharmacy,New_Batch_5PDFs  
Walt Disney World,disneyworld.disney.go.com,Entertainment,Mega Theme Park,New_Batch_5PDFs  
Disneyland Resort,disneyland.disney.go.com,Entertainment,Mega Theme Park,New_Batch_5PDFs  
Universal Orlando Resort,universalorlando.com,Entertainment,Mega Theme Park,New_Batch_5PDFs  
Universal Studios Hollywood,universalstudioshollywood.com,Entertainment,Mega Theme Park,New_Batch_5PDFs  
SeaWorld Orlando,seaworld.com/orlando,Entertainment,Mega Theme Park,New_Batch_5PDFs  
SeaWorld San Diego,seaworld.com/san-diego,Entertainment,Mega Theme Park,New_Batch_5PDFs  
SeaWorld San Antonio,seaworld.com/san-antonio,Entertainment,Mega Theme Park,New_Batch_5PDFs  
Discovery Cove,discoverycove.com,Entertainment,Mega Theme Park,New_Batch_5PDFs  
Sesame Place Philadelphia,sesameplace.com/philadelphia,Entertainment,Theme Park,New_Batch_5PDFs  
Sesame Place San Diego,sesameplace.com/san-diego,Entertainment,Theme Park,New_Batch_5PDFs  
Legoland Florida,legoland.com/florida,Entertainment,Theme Park,New_Batch_5PDFs  
Legoland California,legoland.com/california,Entertainment,Theme Park,New_Batch_5PDFs  
Legoland New York,legoland.com/new-york,Entertainment,Theme Park,New_Batch_5PDFs  
Peppa Pig Theme Park Florida,peppapigthemepark.com/florida,Entertainment,Theme Park,New_Batch_5PDFs  
Nickelodeon Universe Mall of America,nickelodeonuniverse.com,Entertainment,Indoor Theme Park,New_Batch_5PDFs  
Nickelodeon Universe American Dream,americandream.com/venue/nickelodeon-universe,Entertainment,Indoor Theme Park,New_Batch_5PDFs  
Warner Bros. Studio Tour Hollywood,wbstudiotour.com,Entertainment,Studio Tour,New_Batch_5PDFs  
WonderWorks,wonderworksonline.com,Entertainment,Indoor Theme Park,New_Batch_5PDFs  
Ripley's Believe It or Not,ripleys.com,Entertainment,Attraction,New_Batch_5PDFs  
Madame Tussauds,madametussauds.com,Entertainment,Attraction,New_Batch_5PDFs  
Crayola Experience,crayolaexperience.com,Entertainment,Indoor Theme Park,New_Batch_5PDFs  
LEGOLAND Discovery Centers,legolanddiscoverycenter.com,Entertainment,Indoor Theme Park,New_Batch_5PDFs  
Kemah Boardwalk Texas,kemahboardwalk.com,Entertainment,Amusement Park,New_Batch_5PDFs  
Galveston Island Historic Pleasure Pier,pleasurepier.com,Entertainment,Amusement Park,New_Batch_5PDFs  
Pacific Park Santa Monica,pacpark.com,Entertainment,Amusement Park,New_Batch_5PDFs  
Belmont Park San Diego,belmontpark.com,Entertainment,Amusement Park,New_Batch_5PDFs  
Luna Park Coney Island,lunaparknyc.com,Entertainment,Amusement Park,New_Batch_5PDFs  
Morey's Piers New Jersey,moreyspiers.com,Entertainment,Amusement Park,New_Batch_5PDFs  
Playland's Castaway Cove,oceancityfun.com,Entertainment,Amusement Park,New_Batch_5PDFs  
Family Kingdom Amusement Park,familykingdomfun.com,Entertainment,Amusement Park,New_Batch_5PDFs  
Casino Pier & Breakwater Beach,casinopiernj.com,Entertainment,Amusement Park,New_Batch_5PDFs  
Elitch Gardens Colorado,elitchgardens.com,Entertainment,Theme Park,New_Batch_5PDFs  
Wild Adventures Georgia,wildadventures.com,Entertainment,Theme Park,New_Batch_5PDFs  
Magic Springs Arkansas,magicsprings.com,Entertainment,Theme Park,New_Batch_5PDFs  
Lake Compounce Connecticut,lakecompounce.com,Entertainment,Theme Park,New_Batch_5PDFs  
Dutch Wonderland Pennsylvania,dutchwonderland.com,Entertainment,Theme Park,New_Batch_5PDFs  
Story Land New Hampshire,storylandnh.com,Entertainment,Theme Park,New_Batch_5PDFs  
Idlewild & SoakZone Pennsylvania,idlewild.com,Entertainment,Theme Park,New_Batch_5PDFs  
Tropic Falls at OWA Alabama,visitowa.com,Entertainment,Theme Park,New_Batch_5PDFs  
Cliff's Amusement Park New Mexico,cliffsamusementpark.com,Entertainment,Theme Park,New_Batch_5PDFs  
Castles N' Coasters Arizona,castlesncoasters.com,Entertainment,Theme Park,New_Batch_5PDFs  
The Adventuredome Circus Circus,circuscircus.com/the-adventuredome,Entertainment,Indoor Theme Park,New_Batch_5PDFs  
Fun Spot America,fun-spot.com,Entertainment,Theme Park,New_Batch_5PDFs  
Morgan's Wonderland Texas,morganswonderland.com,Entertainment,Theme Park,New_Batch_5PDFs  
Quassy Amusement & Waterpark,quassy.com,Entertainment,Theme Park,New_Batch_5PDFs  
Seabreeze Amusement Park,seabreeze.com,Entertainment,Theme Park,New_Batch_5PDFs  
Waldameer & Water World,waldameer.com,Entertainment,Theme Park,New_Batch_5PDFs  
Canobie Lake Park,canobie.com,Entertainment,Theme Park,New_Batch_5PDFs  
Funtown Splashtown USA,funtownsplashtownusa.com,Entertainment,Theme Park,New_Batch_5PDFs  
Digital Federal Credit Union DCU,dcu.org,Financial,Credit Union,New_Batch_5PDFs  
Boeing Employees Credit Union BECU,becu.org,Financial,Credit Union,New_Batch_5PDFs  
VyStar Credit Union,vystarcu.org,Financial,Credit Union,New_Batch_5PDFs  
Mountain America Credit Union,macu.com,Financial,Credit Union,New_Batch_5PDFs  
America First Credit Union,americafirst.com,Financial,Credit Union,New_Batch_5PDFs  
First Tech Federal Credit Union,firsttechfed.com,Financial,Credit Union,New_Batch_5PDFs  
Bethpage Federal Credit Union,bethpagefcu.com,Financial,Credit Union,New_Batch_5PDFs  
GreenState Credit Union,greenstate.org,Financial,Credit Union,New_Batch_5PDFs  
Delta Community Credit Union,deltacommunitycu.com,Financial,Credit Union,New_Batch_5PDFs  
Kinecta Federal Credit Union,kinecta.org,Financial,Credit Union,New_Batch_5PDFs  
Visions Federal Credit Union,visionsfcu.org,Financial,Credit Union,New_Batch_5PDFs  
Wright-Patt Credit Union,wpcu.coop,Financial,Credit Union,New_Batch_5PDFs  
Consumers Credit Union,consumerscu.org,Financial,Credit Union,New_Batch_5PDFs  
Affinity Plus Federal Credit Union,affinityplus.org,Financial,Credit Union,New_Batch_5PDFs  
Veridian Credit Union,veridiancu.org,Financial,Credit Union,New_Batch_5PDFs  
WSECU Washington State Employees,wsecu.org,Financial,Credit Union,New_Batch_5PDFs  
Landmark Credit Union,landmarkcu.com,Financial,Credit Union,New_Batch_5PDFs  
Elevations Credit Union,elevationscu.com,Financial,Credit Union,New_Batch_5PDFs  
Idaho Central Credit Union,iccu.com,Financial,Credit Union,New_Batch_5PDFs  
Broadview Federal Credit Union,broadviewfcu.com,Financial,Credit Union,New_Batch_5PDFs  
Canvas Credit Union,canvas.org,Financial,Credit Union,New_Batch_5PDFs  
Lake Michigan Credit Union,lmcu.org,Financial,Credit Union,New_Batch_5PDFs  
ANA Mileage Club,ana.co.jp,Travel,Airline,New_Batch_5PDFs  
Japan Airlines JAL,jal.co.jp,Travel,Airline,New_Batch_5PDFs  
LATAM Airlines,latamairlines.com,Travel,Airline,New_Batch_5PDFs  
Copa Airlines,copaair.com,Travel,Airline,New_Batch_5PDFs  
Finnair,finnair.com,Travel,Airline,New_Batch_5PDFs  
Icelandair,icelandair.com,Travel,Airline,New_Batch_5PDFs  
Scandinavian Airlines SAS,flysas.com,Travel,Airline,New_Batch_5PDFs  
TAP Air Portugal,flytap.com,Travel,Airline,New_Batch_5PDFs  
Aer Lingus,aerlingus.com,Travel,Airline,New_Batch_5PDFs  
Iberia,iberia.com,Travel,Airline,New_Batch_5PDFs  
Garuda Indonesia,garuda-indonesia.com,Travel,Airline,New_Batch_5PDFs  
Korean Air,koreanair.com,Travel,Airline,New_Batch_5PDFs  
Vietnam Airlines,vietnamairlines.com,Travel,Airline,New_Batch_5PDFs  
Air New Zealand,airnewzealand.com,Travel,Airline,New_Batch_5PDFs  
Fiji Airways,fijiairways.com,Travel,Airline,New_Batch_5PDFs  
WestJet,westjet.com,Travel,Airline,New_Batch_5PDFs  
Porter Airlines,flyporter.com,Travel,Airline,New_Batch_5PDFs  
Avianca LifeMiles,lifemiles.com,Travel,Airline,New_Batch_5PDFs  
Aeromexico,aeromexico.com,Travel,Airline,New_Batch_5PDFs  
Ethiopian Airlines,ethiopianairlines.com,Travel,Airline,New_Batch_5PDFs  
Royal Air Maroc,royalairmaroc.com,Travel,Airline,New_Batch_5PDFs  
Kenya Airways,kenya-airways.com,Travel,Airline,New_Batch_5PDFs  
Air India,airindia.in,Travel,Airline,New_Batch_5PDFs  
Saudia,saudia.com,Travel,Airline,New_Batch_5PDFs  
Gulf Air,gulfair.com,Travel,Airline,New_Batch_5PDFs  
Oman Air,omanair.com,Travel,Airline,New_Batch_5PDFs  
SriLankan Airlines,srilankan.com,Travel,Airline,New_Batch_5PDFs  
Malaysia Airlines,malaysiaairlines.com,Travel,Airline,New_Batch_5PDFs  
Thai Airways,thaiairways.com,Travel,Airline,New_Batch_5PDFs  
Philippine Airlines,philippineairlines.com,Travel,Airline,New_Batch_5PDFs  
Hainan Airlines,hainanairlines.com,Travel,Airline,New_Batch_5PDFs  
Air Tahiti Nui,airtahitinui.com,Travel,Airline,New_Batch_5PDFs  
Brussels Airlines,brusselsairlines.com,Travel,Airline,New_Batch_5PDFs  
Avalon Waterways,avalonwaterways.com,Travel,River Cruise,New_Batch_5PDFs  
Uniworld Boutique River Cruises,uniworld.com,Travel,River Cruise,New_Batch_5PDFs  
Scenic Luxury Cruises,scenicusa.com,Travel,River Cruise,New_Batch_5PDFs  
Emerald Cruises,emeraldcruises.com,Travel,River Cruise,New_Batch_5PDFs  
Hurtigruten Expeditions,hurtigruten.com,Travel,Expedition Cruise,New_Batch_5PDFs  
Ponant,ponant.com,Travel,Expedition Cruise,New_Batch_5PDFs  
Paul Gauguin Cruises,pgcruises.com,Travel,Cruise,New_Batch_5PDFs  
SeaDream Yacht Club,seadream.com,Travel,Cruise,New_Batch_5PDFs  
Star Clippers,starclippers.com,Travel,Cruise,New_Batch_5PDFs  
Windstar Cruises,windstarcruises.com,Travel,Cruise,New_Batch_5PDFs  
Celestyal Cruises,celestyal.com,Travel,Cruise,New_Batch_5PDFs  
Aqua Expeditions,aquaexpeditions.com,Travel,Expedition Cruise,New_Batch_5PDFs  
Quark Expeditions,quarkexpeditions.com,Travel,Expedition Cruise,New_Batch_5PDFs  
CroisiEurope,croisieuroperivercruises.com,Travel,River Cruise,New_Batch_5PDFs  
Amadeus River Cruises,amadeus-rivercruises.com,Travel,River Cruise,New_Batch_5PDFs  
UnCruise Adventures,uncruise.com,Travel,Expedition Cruise,New_Batch_5PDFs  
Pearl Seas Cruises,pearlseascruises.com,Travel,Cruise,New_Batch_5PDFs  
Riviera River Cruises,rivierarivercruises.com,Travel,River Cruise,New_Batch_5PDFs  
Alamo Drafthouse,drafthouse.com,Entertainment,Movie Theater,New_Batch_5PDFs  
Marcus Theatres,marcustheatres.com,Entertainment,Movie Theater,New_Batch_5PDFs  
Harkins Theatres,harkins.com,Entertainment,Movie Theater,New_Batch_5PDFs  
Bow Tie Cinemas,bowtiecinemas.com,Entertainment,Movie Theater,New_Batch_5PDFs  
Malco Theatres,malco.com,Entertainment,Movie Theater,New_Batch_5PDFs  
Megaplex Theatres,megaplextheatres.com,Entertainment,Movie Theater,New_Batch_5PDFs  
Studio Movie Grill,studiomoviegrill.com,Entertainment,Movie Theater,New_Batch_5PDFs  
B\&B Theatres,bbtheatres.com,Entertainment,Movie Theater,New_Batch_5PDFs  
Classic Cinemas,classiccinemas.com,Entertainment,Movie Theater,New_Batch_5PDFs  
Landmark Theatres,landmarktheatres.com,Entertainment,Movie Theater,New_Batch_5PDFs  
Laemmle Theatres,laemmle.com,Entertainment,Movie Theater,New_Batch_5PDFs  
Angelika Film Center,angelikafilmcenter.com,Entertainment,Movie Theater,New_Batch_5PDFs  
Nitehawk Cinema,nitehawkcinema.com,Entertainment,Movie Theater,New_Batch_5PDFs  
Showcase Cinemas,showcasecinemas.com,Entertainment,Movie Theater,New_Batch_5PDFs  
Maya Cinemas,mayacinemas.com,Entertainment,Movie Theater,New_Batch_5PDFs  
Santikos Entertainment,santikos.com,Entertainment,Movie Theater,New_Batch_5PDFs  
Frank Theatres,franktheatres.com,Entertainment,Movie Theater,New_Batch_5PDFs  
Galaxy Theatres,galaxytheatres.com,Entertainment,Movie Theater,New_Batch_5PDFs  
Celebration Cinema,celebrationcinema.com,Entertainment,Movie Theater,New_Batch_5PDFs  
Renfe Spain,renfe.com,Travel,Rail,New_Batch_5PDFs  
Trenitalia Italy,trenitalia.com,Travel,Rail,New_Batch_5PDFs  
Italo Treno Italy,italotreno.it,Travel,Rail,New_Batch_5PDFs  
SNCF France,sncf.com,Travel,Rail,New_Batch_5PDFs  
Deutsche Bahn Germany,bahn.com,Travel,Rail,New_Batch_5PDFs  
OBB Austria,oebb.at,Travel,Rail,New_Batch_5PDFs  
SBB Switzerland,sbb.ch,Travel,Rail,New_Batch_5PDFs  
NS Netherlands,ns.nl,Travel,Rail,New_Batch_5PDFs  
SNCB Belgium,belgiantrain.be,Travel,Rail,New_Batch_5PDFs  
Eurostar,eurostar.com,Travel,Rail,New_Batch_5PDFs  
LNER UK,lner.co.uk,Travel,Rail,New_Batch_5PDFs  
Avanti West Coast UK,avantiwestcoast.co.uk,Travel,Rail,New_Batch_5PDFs  
Great Western Railway UK,gwr.com,Travel,Rail,New_Batch_5PDFs  
CrossCountry UK,crosscountrytrains.co.uk,Travel,Rail,New_Batch_5PDFs  
ScotRail UK,scotrail.co.uk,Travel,Rail,New_Batch_5PDFs  
TransPennine Express UK,transpennineexpress.co.uk,Travel,Rail,New_Batch_5PDFs  
FlixBus,flixbus.com,Travel,Bus,New_Batch_5PDFs  
Megabus,megabus.com,Travel,Bus,New_Batch_5PDFs  
National Express UK,nationalexpress.com,Travel,Bus,New_Batch_5PDFs  
RedCoach US,redcoachusa.com,Travel,Bus,New_Batch_5PDFs  
Peter Pan Bus Lines,peterpanbus.com,Travel,Bus,New_Batch_5PDFs  
Jefferson Lines,jeffersonlines.com,Travel,Bus,New_Batch_5PDFs  
Concord Coach Lines,concordcoachlines.com,Travel,Bus,New_Batch_5PDFs  
Dartmouth Coach,dartmouthcoach.com,Travel,Bus,New_Batch_5PDFs  
C\&J Bus Lines,ridecj.com,Travel,Bus,New_Batch_5PDFs  
Indian Trails,indiantrails.com,Travel,Bus,New_Batch_5PDFs  
OurBus,ourbus.com,Travel,Bus,New_Batch_5PDFs  
Vamoose Bus,vamoosebus.com,Travel,Bus,New_Batch_5PDFs  
Everlane,everlane.com,Retail,Apparel,New_Batch_5PDFs  
Reformation,reformation.com,Retail,Apparel,New_Batch_5PDFs  
Cuyana,cuyana.com,Retail,Apparel,New_Batch_5PDFs  
Sezane,sezane.com,Retail,Apparel,New_Batch_5PDFs  
Rouje,rouje.com,Retail,Apparel,New_Batch_5PDFs  
Ganni,ganni.com,Retail,Apparel,New_Batch_5PDFs  
APC,apc-us.com,Retail,Apparel,New_Batch_5PDFs  
Ami Paris,ami-paris.com,Retail,Apparel,New_Batch_5PDFs  
Maison Kitsune,maisonkitsune.com,Retail,Apparel,New_Batch_5PDFs  
Sandro Paris,sandro-paris.com,Retail,Apparel,New_Batch_5PDFs  
Maje,maje.com,Retail,Apparel,New_Batch_5PDFs  
Claudie Pierlot,claudiepierlot.com,Retail,Apparel,New_Batch_5PDFs  
The Kooples,thekooples.com,Retail,Apparel,New_Batch_5PDFs  
Zadig & Voltaire,zadig-et-voltaire.com,Retail,Apparel,New_Batch_5PDFs  
AllSaints,allsaints.com,Retail,Apparel,New_Batch_5PDFs  
Reiss,reiss.com,Retail,Apparel,New_Batch_5PDFs  
Ted Baker,tedbaker.com,Retail,Apparel,New_Batch_5PDFs  
Paul Smith,paulsmith.com,Retail,Apparel,New_Batch_5PDFs  
Hackett London,hackett.com,Retail,Apparel,New_Batch_5PDFs  
Barbour,barbour.com,Retail,Apparel,New_Batch_5PDFs  
Belstaff,belstaff.com,Retail,Apparel,New_Batch_5PDFs  
Filson,filson.com,Retail,Apparel,New_Batch_5PDFs  
Orlebar Brown,orlebarbrown.com,Retail,Apparel,New_Batch_5PDFs  
Sunspel,sunspel.com,Retail,Apparel,New_Batch_5PDFs  
Frescobol Carioca,frescobolcarioca.com,Retail,Apparel,New_Batch_5PDFs  
Vilebrequin,vilebrequin.com,Retail,Apparel,New_Batch_5PDFs  
Faherty,fahertybrand.com,Retail,Apparel,New_Batch_5PDFs  
Outerknown,outerknown.com,Retail,Apparel,New_Batch_5PDFs  
Marine Layer,marinelayer.com,Retail,Apparel,New_Batch_5PDFs  
Nando's Peri-Peri,nandosperiperi.com,Restaurant,Casual Dining,New_Batch_5PDFs  
Leon,leon.co,Restaurant,Fast Casual,New_Batch_5PDFs  
Wagamama,wagamama.com,Restaurant,Casual Dining,New_Batch_5PDFs  
Itsu,itsu.com,Restaurant,Fast Casual,New_Batch_5PDFs  
Wasabi,wasabi.uk.com,Restaurant,Fast Casual,New_Batch_5PDFs  
YO\! Sushi,yosushi.com,Restaurant,Fast Casual,New_Batch_5PDFs  
Franco Manca,francomanca.co.uk,Restaurant,Casual Dining,New_Batch_5PDFs  
Dishoom,dishoom.com,Restaurant,Casual Dining,New_Batch_5PDFs  
Hawksmoor,thehawksmoor.com,Restaurant,Fine Dining,New_Batch_5PDFs  
PizzaExpress,pizzaexpress.com,Restaurant,Casual Dining,New_Batch_5PDFs  
Zizzi,zizzi.co.uk,Restaurant,Casual Dining,New_Batch_5PDFs  
Ask Italian,askitalian.co.uk,Restaurant,Casual Dining,New_Batch_5PDFs  
Bella Italia,bellaitalia.co.uk,Restaurant,Casual Dining,New_Batch_5PDFs  
Carluccio's,carluccios.com,Restaurant,Casual Dining,New_Batch_5PDFs  
Cote Brasserie,cote.co.uk,Restaurant,Casual Dining,New_Batch_5PDFs  
Bill's Restaurants,bills-website.co.uk,Restaurant,Casual Dining,New_Batch_5PDFs  
Browns Brasserie,browns-restaurants.co.uk,Restaurant,Casual Dining,New_Batch_5PDFs  
The Ivy Collection,the-ivy.co.uk,Restaurant,Fine Dining,New_Batch_5PDFs  
Lounges Cosy Club,thelounges.co.uk,Restaurant,Casual Dining,New_Batch_5PDFs  
Miller & Carter,millerandcarter.co.uk,Restaurant,Casual Dining,New_Batch_5PDFs  
Jollibee,jollibeefoods.com,Restaurant,Fast Food,New_Batch_5PDFs  
Din Tai Fung,dintaifungusa.com,Restaurant,Casual Dining,New_Batch_5PDFs  
Ippudo,ippudous.com,Restaurant,Casual Dining,New_Batch_5PDFs  
HaiDiLao Hot Pot,haidilao.com,Restaurant,Casual Dining,New_Batch_5PDFs  
Ichiran,ichiranusa.com,Restaurant,Casual Dining,New_Batch_5PDFs  
Ootoya,ootoya.us,Restaurant,Casual Dining,New_Batch_5PDFs  
Gong Cha,gongchausa.com,Restaurant,Beverage,New_Batch_5PDFs  
Chatime,chatime.com,Restaurant,Beverage,New_Batch_5PDFs  
Tiger Sugar,tigersugar.com,Restaurant,Beverage,New_Batch_5PDFs  
WinCo Foods,wincofoods.com,Grocery,Regional Grocer,New_Batch_5PDFs  
Good Eggs,goodeggs.com,Grocery,Delivery,New_Batch_5PDFs  
Hungryroot,hungryroot.com,Grocery,Delivery,New_Batch_5PDFs  
Amazon Fresh,amazon.com/fresh,Grocery,Delivery,New_Batch_5PDFs  
Eataly,eataly.com,Grocery,Specialty,New_Batch_5PDFs  
Mitsuwa Marketplace,mitsuwa.com,Grocery,Niche Grocer,New_Batch_5PDFs  
Uwajimaya,uwajimaya.com,Grocery,Niche Grocer,New_Batch_5PDFs  
Tokyo Central,tokyocentral.com,Grocery,Niche Grocer,New_Batch_5PDFs  
Zion Market,zionmarket.com,Grocery,Niche Grocer,New_Batch_5PDFs  
Seafood City,seafoodcity.com,Grocery,Niche Grocer,New_Batch_5PDFs  
Patel Brothers,patelbros.com,Grocery,Niche Grocer,New_Batch_5PDFs  
Lotte Plaza Market,lotteplaza.com,Grocery,Niche Grocer,New_Batch_5PDFs  
Sedano's Supermarkets,sedanos.com,Grocery,Regional Grocer,New_Batch_5PDFs  
Presidente Supermarkets,presidentesupermarkets.com,Grocery,Regional Grocer,New_Batch_5PDFs  
Bravo Supermarkets,bravosupermarkets.com,Grocery,Regional Grocer,New_Batch_5PDFs  
RSPCA UK,rspca.org.uk,Nonprofit,Animal Welfare,New_Batch_5PDFs  
Battersea Dogs & Cats Home,battersea.org.uk,Nonprofit,Animal Welfare,New_Batch_5PDFs  
Dogs Trust,dogstrust.org.uk,Nonprofit,Animal Welfare,New_Batch_5PDFs  
Cats Protection,cats.org.uk,Nonprofit,Animal Welfare,New_Batch_5PDFs  
Blue Cross for Pets,bluecross.org.uk,Nonprofit,Animal Welfare,New_Batch_5PDFs  
SPCA International,spcai.org,Nonprofit,Animal Welfare,New_Batch_5PDFs  
Soi Dog Foundation,soidog.org,Nonprofit,Animal Welfare,New_Batch_5PDFs  
Animal Rescue League of Boston,arlboston.org,Nonprofit,Animal Welfare,New_Batch_5PDFs  
San Francisco SPCA,sfspca.org,Nonprofit,Animal Welfare,New_Batch_5PDFs  
PAWS Chicago,pawschicago.org,Nonprofit,Animal Welfare,New_Batch_5PDFs  
Best Friends Animal Society,bestfriends.org,Nonprofit,Animal Welfare,New_Batch_5PDFs  
Austin Pets Alive,austinpetsalive.org,Nonprofit,Animal Welfare,New_Batch_5PDFs  
Atlanta Humane Society,atlantahumane.org,Nonprofit,Animal Welfare,New_Batch_5PDFs  
Seattle Humane,seattlehumane.org,Nonprofit,Animal Welfare,New_Batch_5PDFs  
Dumb Friends League Colorado,ddfl.org,Nonprofit,Animal Welfare,New_Batch_5PDFs  
Oregon Humane Society,oregonhumane.org,Nonprofit,Animal Welfare,New_Batch_5PDFs  
Humane Society of New York,humanesocietyny.org,Nonprofit,Animal Welfare,New_Batch_5PDFs  
ASPCA,aspca.org,Nonprofit,Animal Welfare,New_Batch_5PDFs  
North Shore Animal League America,animalleague.org,Nonprofit,Animal Welfare,New_Batch_5PDFs  
SPCA of Texas,spca.org,Nonprofit,Animal Welfare,New_Batch_5PDFs  
Animal Care Centers of NYC,nycacc.org,Nonprofit,Animal Welfare,New_Batch_5PDFs  
Tinker Federal Credit Union,tinkerfcu.org,Financial,Credit Union,New_Batch_5PDFs  
Randolph-Brooks Federal Credit Union,rbfcu.org,Financial,Credit Union,New_Batch_5PDFs  
Golden 1 Credit Union,golden1.com,Financial,Credit Union,New_Batch_5PDFs  
All In Credit Union,allincu.com,Financial,Credit Union,New_Batch_5PDFs  
Truliant Federal Credit Union,truliantfcu.org,Financial,Credit Union,New_Batch_5PDFs  
Redwood Credit Union,redwoodcu.org,Financial,Credit Union,New_Batch_5PDFs  
Teachers Credit Union,tcunet.com,Financial,Credit Union,New_Batch_5PDFs  
Community First Credit Union,communityfirstfl.org,Financial,Credit Union,New_Batch_5PDFs  
First Community Credit Union,fccu.org,Financial,Credit Union,New_Batch_5PDFs  
State Department Federal Credit Union,sdfcu.org,Financial,Credit Union,New_Batch_5PDFs  
Affinity Federal Credit Union,affinityfcu.com,Financial,Credit Union,New_Batch_5PDFs  
Patelco Credit Union,patelco.org,Financial,Credit Union,New_Batch_5PDFs  
Bellco Credit Union,bellco.org,Financial,Credit Union,New_Batch_5PDFs  
ESL Federal Credit Union,esl.org,Financial,Credit Union,New_Batch_5PDFs  
Hudson Valley Credit Union,hvcu.org,Financial,Credit Union,New_Batch_5PDFs  
Ent Credit Union,ent.com,Financial,Credit Union,New_Batch_5PDFs  
Summit Credit Union,summitcreditunion.com,Financial,Credit Union,New_Batch_5PDFs  
Citadel Credit Union,citadelbanking.com,Financial,Credit Union,New_Batch_5PDFs  
Desert Financial Credit Union,desertfinancial.com,Financial,Credit Union,New_Batch_5PDFs  
Logix Federal Credit Union,logixbanking.com,Financial,Credit Union,New_Batch_5PDFs  
OnPoint Community Credit Union,onpointcu.com,Financial,Credit Union,New_Batch_5PDFs  
SECU North Carolina,ncsecu.org,Financial,Credit Union,New_Batch_5PDFs  
Breeze Airways,flybreeze.com,Travel,Airline,New_Batch_5PDFs  
Sun Country Airlines,suncountry.com,Travel,Airline,New_Batch_5PDFs  
Silver Airways,silverairways.com,Travel,Airline,New_Batch_5PDFs  
Cape Air,capeair.com,Travel,Airline,New_Batch_5PDFs  
Boutique Air,boutiqueair.com,Travel,Airline,New_Batch_5PDFs  
Contour Airlines,contourairlines.com,Travel,Airline,New_Batch_5PDFs  
Mokulele Airlines,mokuleleairlines.com,Travel,Airline,New_Batch_5PDFs  
Southern Airways Express,iflysouthern.com,Travel,Airline,New_Batch_5PDFs  
Kenmore Air,kenmoreair.com,Travel,Airline,New_Batch_5PDFs  
Tradewind Aviation,flytradewind.com,Travel,Airline,New_Batch_5PDFs  
JSX,jsx.com,Travel,Airline,New_Batch_5PDFs  
Advanced Air,advancedairlines.com,Travel,Airline,New_Batch_5PDFs  
Bering Air,beringair.com,Travel,Airline,New_Batch_5PDFs  
Grant Aviation,flygrant.com,Travel,Airline,New_Batch_5PDFs  
Fridley Theatres,fridleytheatres.com,Entertainment,Movie Theater,New_Batch_5PDFs  
VIP Cinemas,vipcinemas.com,Entertainment,Movie Theater,New_Batch_5PDFs  
Cinergy Entertainment,cinergy.com,Entertainment,Movie Theater,New_Batch_5PDFs  
Emagine Entertainment,emagine-entertainment.com,Entertainment,Movie Theater,New_Batch_5PDFs  
Cobb Theatres,cobbtheatres.com,Entertainment,Movie Theater,New_Batch_5PDFs  
Krikorian Premiere Theatres,kptmovies.com,Entertainment,Movie Theater,New_Batch_5PDFs  
Reading Cinemas,readingcinemasus.com,Entertainment,Movie Theater,New_Batch_5PDFs  
ShowBiz Cinemas,showbizcinemas.com,Entertainment,Movie Theater,New_Batch_5PDFs  
Silverspot Cinema,silverspot.net,Entertainment,Movie Theater,New_Batch_5PDFs  
Runza,runza.com,Restaurant,Fast Food,New_Batch_5PDFs  
Pal's Sudden Service,palsweb.com,Restaurant,Fast Food,New_Batch_5PDFs  
Bojangles,bojangles.com,Restaurant,Fast Food,New_Batch_5PDFs  
Taco Time,tacotime.com,Restaurant,Fast Food,New_Batch_5PDFs  
Mighty Taco,mightytaco.com,Restaurant,Fast Food,New_Batch_5PDFs  
Dion's Pizza,dions.com,Restaurant,Pizza,New_Batch_5PDFs  
Giordano's,giordanos.com,Restaurant,Pizza,New_Batch_5PDFs  
Lou Malnati's,loumalnatis.com,Restaurant,Pizza,New_Batch_5PDFs  
Portillo's,portillos.com,Restaurant,Fast Casual,New_Batch_5PDFs  
Skyline Chili,skylinechili.com,Restaurant,Fast Casual,New_Batch_5PDFs  
Gold Star Chili,goldstarchili.com,Restaurant,Fast Casual,New_Batch_5PDFs  
Blake's Lotaburger,lotaburger.com,Restaurant,Fast Food,New_Batch_5PDFs  
Burgerville,burgerville.com,Restaurant,Fast Food,New_Batch_5PDFs  
Dick's Drive-In,ddir.com,Restaurant,Fast Food,New_Batch_5PDFs  
Wawa,wawa.com,Restaurant,Convenience / Food,New_Batch_5PDFs  
Sheetz,sheetz.com,Restaurant,Convenience / Food,New_Batch_5PDFs  
QuickChek,quickchek.com,Restaurant,Convenience / Food,New_Batch_5PDFs  
Casey's,caseys.com,Restaurant,Convenience / Food,New_Batch_5PDFs  
Kum & Go,kumandgo.com,Restaurant,Convenience / Food,New_Batch_5PDFs  
Hy-Vee,hy-vee.com,Grocery,Regional Grocer,New_Batch_5PDFs  
Fareway,fareway.com,Grocery,Regional Grocer,New_Batch_5PDFs  
Schnucks,schnucks.com,Grocery,Regional Grocer,New_Batch_5PDFs  
Dierbergs,dierbergs.com,Grocery,Regional Grocer,New_Batch_5PDFs  
Weis Markets,weismarkets.com,Grocery,Regional Grocer,New_Batch_5PDFs  
Ingles Markets,ingles-markets.com,Grocery,Regional Grocer,New_Batch_5PDFs  
Grocery Outlet,groceryoutlet.com,Grocery,Regional Grocer,New_Batch_5PDFs  
Smart & Final,smartandfinal.com,Grocery,Regional Grocer,New_Batch_5PDFs  
Stater Bros. Markets,staterbros.com,Grocery,Regional Grocer,New_Batch_5PDFs  
Save Mart,savemart.com,Grocery,Regional Grocer,New_Batch_5PDFs  
Raley's,raleys.com,Grocery,Regional Grocer,New_Batch_5PDFs  
Brookshire's,brookshires.com,Grocery,Regional Grocer,New_Batch_5PDFs  
H-E-B,heb.com,Grocery,Regional Grocer,New_Batch_5PDFs  
Houston SPCA,houstonspca.org,Nonprofit,Animal Welfare,New_Batch_5PDFs  
SPCA Florida,spcaflorida.org,Nonprofit,Animal Welfare,New_Batch_5PDFs  
Peggy Adams Animal Rescue,peggyadams.org,Nonprofit,Animal Welfare,New_Batch_5PDFs  
HALO Animal Rescue,halorescue.org,Nonprofit,Animal Welfare,New_Batch_5PDFs  
Arizona Animal Welfare League,aawl.org,Nonprofit,Animal Welfare,New_Batch_5PDFs  
Wayside Waifs,waysidewaifs.org,Nonprofit,Animal Welfare,New_Batch_5PDFs  
Nebraska Humane Society,nehumanesociety.org,Nonprofit,Animal Welfare,New_Batch_5PDFs  
Michigan Humane,michiganhumane.org,Nonprofit,Animal Welfare,New_Batch_5PDFs  
Animal Humane Society MN,animalhumanesociety.org,Nonprofit,Animal Welfare,New_Batch_5PDFs  
Charleston Animal Society,charlestonanimalsociety.org,Nonprofit,Animal Welfare,New_Batch_5PDFs  
Humane Society of Tampa Bay,humanesocietytampa.org,Nonprofit,Animal Welfare,New_Batch_5PDFs  
San Diego Humane Society,sdhumane.org,Nonprofit,Animal Welfare,New_Batch_5PDFs  
Hawaiian Humane Society,hawaiianhumane.org,Nonprofit,Animal Welfare,New_Batch_5PDFs  
Hampton Jitney,hamptonjitney.com,Travel,Bus,New_Batch_5PDFs  
Barons Bus,baronsbus.com,Travel,Bus,New_Batch_5PDFs  
Capitol Corridor,capitolcorridor.org,Travel,Rail,New_Batch_5PDFs  
SMART Sonoma-Marin Rail,sonomamarintrain.org,Travel,Rail,New_Batch_5PDFs  
Trinity Railway Express TRE,trinityrailwayexpress.org,Travel,Rail,New_Batch_5PDFs  
SunRail Central Florida,sunrail.com,Travel,Rail,New_Batch_5PDFs  
Brightline,gobrightline.com,Travel,Rail,New_Batch_5PDFs  
Alaska Marine Highway System,ferryalaska.com,Travel,Ferry,New_Batch_5PDFs  
Washington State Ferries,wsdot.wa.gov/ferries,Travel,Ferry,New_Batch_5PDFs  
BC Ferries,bcferries.com,Travel,Ferry,New_Batch_5PDFs  
Staten Island Ferry,siferry.com,Travel,Ferry,New_Batch_5PDFs  
Catalina Express,catalinaexpress.com,Travel,Ferry,New_Batch_5PDFs  
Cape May-Lewes Ferry,cmlf.com,Travel,Ferry,New_Batch_5PDFs  
Steamship Authority,steamshipauthority.com,Travel,Ferry,New_Batch_5PDFs  